,DataType,Image Source
0,url,https://images.unsplash.com/profile-1662462424181-4dcf181b4211image?fm=jpg&q=60&w=3000&ixlib=rb-4.0.3&crop=faces&fit=crop&h=32
1,url,https://plus.unsplash.com/premium_photo-1673292293042-cafd9c8a3ab3?fm=jpg&q=60&w=3000&ixlib=rb-4.0.3&ixid=M3wxMjA3fDB8MHxzZWFyY2h8MXx8bmF0dXJlfGVufDB8fDB8fHww
2,url,https://images.unsplash.com/profile-1674776116130-f22ca6c2d4a6image?fm=jpg&q=60&w=3000&ixlib=rb-4.0.3&crop=faces&fit=crop&h=32
3,url,https://images.unsplash.com/photo-1465146344425-f00d5f5c8f07?fm=jpg&q=60&w=3000&ixlib=rb-4.0.3&ixid=M3wxMjA3fDB8MHxzZWFyY2h8Mnx8bmF0dXJlfGVufDB8fDB8fHww
4,url,https://plus.unsplash.com/premium_vector-1697729804286-7dd6c1a04597?fm=jpg&q=60&w=3000&ixlib=rb-4.0.3
5,url,https://plus.unsplash.com/premium_vector-1716874671235-95932d850cce?fm=jpg&q=60&w=3000&ixlib=rb-4.0.3
6,url,https://plus.unsplash.com/premium_vector-1710277845086-36f1c4c2ccd2?fm=jpg&q=60&w=3000&ixlib=rb-4.0.3
7,url,https://plus.unsplash.com/premium_vector-1697729782149-e53d522cb596?fm=jpg&q=60&w=3000&ixlib=rb-4.0.3
8,url,https://images.unsplash.com/profile-1649703067755-b2937320c07eimage?fm=jpg&q=60&w=3000&ixlib=rb-4.0.3&crop=faces&fit=crop&h=32
9,url,https://images.unsplash.com/photo-1509316975850-ff9c5deb0cd9?fm=jpg&q=60&w=3000&ixlib=rb-4.0.3&ixid=M3wxMjA3fDB8MHxzZWFyY2h8M3x8bmF0dXJlfGVufDB8fDB8fHww
10,url,https://images.unsplash.com/profile-1729488670413-32100ca34b90image?fm=jpg&q=60&w=3000&ixlib=rb-4.0.3&crop=faces&fit=crop&h=32
11,url,https://images.unsplash.com/photo-1518495973542-4542c06a5843?fm=jpg&q=60&w=3000&ixlib=rb-4.0.3&ixid=M3wxMjA3fDB8MHxzZWFyY2h8NHx8bmF0dXJlfGVufDB8fDB8fHww
12,url,https://images.unsplash.com/profile-1687319162202-03896016193aimage?fm=jpg&q=60&w=3000&ixlib=rb-4.0.3&crop=faces&fit=crop&h=32
13,url,https://plus.unsplash.com/premium_photo-1675433344518-21eb72dfc7a5?fm=jpg&q=60&w=3000&ixlib=rb-4.0.3&ixid=M3wxMjA3fDB8MHxzZWFyY2h8NXx8bmF0dXJlfGVufDB8fDB8fHww
14,url,https://images.unsplash.com/profile-1501832325700-92c4bb63b719?fm=jpg&q=60&w=3000&ixlib=rb-4.0.3&crop=faces&fit=crop&h=32
15,url,https://images.unsplash.com/photo-1428908728789-d2de25dbd4e2?fm=jpg&q=60&w=3000&ixlib=rb-4.0.3&ixid=M3wxMjA3fDB8MHxzZWFyY2h8Nnx8bmF0dXJlfGVufDB8fDB8fHww
16,url,https://images.unsplash.com/profile-1540464498075-d900dee80a23?fm=jpg&q=60&w=3000&ixlib=rb-4.0.3&crop=faces&fit=crop&h=32
17,url,https://images.unsplash.com/photo-1505142468610-359e7d316be0?fm=jpg&q=60&w=3000&ixlib=rb-4.0.3&ixid=M3wxMjA3fDB8MHxzZWFyY2h8N3x8bmF0dXJlfGVufDB8fDB8fHww
18,url,https://images.unsplash.com/profile-1587364075073-40c607898e5cimage?fm=jpg&q=60&w=3000&ixlib=rb-4.0.3&crop=faces&fit=crop&h=32
19,url,https://images.unsplash.com/photo-1504608524841-42fe6f032b4b?fm=jpg&q=60&w=3000&ixlib=rb-4.0.3&ixid=M3wxMjA3fDB8MHxzZWFyY2h8OHx8bmF0dXJlfGVufDB8fDB8fHww
20,url,https://images.unsplash.com/profile-1600184424687-de96bd61fa67image?fm=jpg&q=60&w=3000&ixlib=rb-4.0.3&crop=faces&fit=crop&h=32
21,url,https://plus.unsplash.com/premium_photo-1673697239981-389164b7b87f?fm=jpg&q=60&w=3000&ixlib=rb-4.0.3&ixid=M3wxMjA3fDB8MHxzZWFyY2h8OXx8bmF0dXJlfGVufDB8fDB8fHww
22,url,https://images.unsplash.com/profile-1648976448499-8fc91efb5d17image?fm=jpg&q=60&w=3000&ixlib=rb-4.0.3&crop=faces&fit=crop&h=32
23,url,https://images.unsplash.com/photo-1529419412599-7bb870e11810?fm=jpg&q=60&w=3000&ixlib=rb-4.0.3&ixid=M3wxMjA3fDB8MHxzZWFyY2h8MTB8fG5hdHVyZXxlbnwwfHwwfHx8MA%3D%3D
24,url,https://images.unsplash.com/profile-1578021854441-1f6abbca2a1dimage?fm=jpg&q=60&w=3000&ixlib=rb-4.0.3&crop=faces&fit=crop&h=32
25,url,https://images.unsplash.com/photo-1495584816685-4bdbf1b5057e?fm=jpg&q=60&w=3000&ixlib=rb-4.0.3&ixid=M3wxMjA3fDB8MHxzZWFyY2h8MTF8fG5hdHVyZXxlbnwwfHwwfHx8MA%3D%3D
26,url,https://images.unsplash.com/profile-1497203292162-bbf0bbeccab7?fm=jpg&q=60&w=3000&ixlib=rb-4.0.3&crop=faces&fit=crop&h=32
27,url,https://images.unsplash.com/photo-1508349937151-22b68b72d5b1?fm=jpg&q=60&w=3000&ixlib=rb-4.0.3&ixid=M3wxMjA3fDB8MHxzZWFyY2h8MTJ8fG5hdHVyZXxlbnwwfHwwfHx8MA%3D%3D
28,url,https://images.unsplash.com/profile-1600184424687-de96bd61fa67image?fm=jpg&q=60&w=3000&ixlib=rb-4.0.3&crop=faces&fit=crop&h=32
29,url,https://plus.unsplash.com/premium_photo-1719943510748-4b4354fbcf56?fm=jpg&q=60&w=3000&ixlib=rb-4.0.3&ixid=M3wxMjA3fDB8MHxzZWFyY2h8MTN8fG5hdHVyZXxlbnwwfHwwfHx8MA%3D%3D
30,url,https://images.unsplash.com/profile-1541366781774-7c64384e62db?fm=jpg&q=60&w=3000&ixlib=rb-4.0.3&crop=faces&fit=crop&h=32
31,url,https://images.unsplash.com/photo-1505820013142-f86a3439c5b2?fm=jpg&q=60&w=3000&ixlib=rb-4.0.3&ixid=M3wxMjA3fDB8MHxzZWFyY2h8MTR8fG5hdHVyZXxlbnwwfHwwfHx8MA%3D%3D
32,url,https://images.unsplash.com/profile-1578021854441-1f6abbca2a1dimage?fm=jpg&q=60&w=3000&ixlib=rb-4.0.3&crop=faces&fit=crop&h=32
33,url,https://images.unsplash.com/photo-1471879832106-c7ab9e0cee23?fm=jpg&q=60&w=3000&ixlib=rb-4.0.3&ixid=M3wxMjA3fDB8MHxzZWFyY2h8MTV8fG5hdHVyZXxlbnwwfHwwfHx8MA%3D%3D
34,url,https://images.unsplash.com/profile-fb-1475775782-01311169806f.jpg?fm=jpg&q=60&w=3000&ixlib=rb-4.0.3&crop=faces&fit=crop&h=32
35,url,https://images.unsplash.com/photo-1475776408506-9a5371e7a068?fm=jpg&q=60&w=3000&ixlib=rb-4.0.3&ixid=M3wxMjA3fDB8MHxzZWFyY2h8MTZ8fG5hdHVyZXxlbnwwfHwwfHx8MA%3D%3D
36,url,https://images.unsplash.com/profile-1502669002421-a8d274ad2897?fm=jpg&q=60&w=3000&ixlib=rb-4.0.3&crop=faces&fit=crop&h=32
37,url,https://plus.unsplash.com/premium_photo-1675827055694-010aef2cf08f?fm=jpg&q=60&w=3000&ixlib=rb-4.0.3&ixid=M3wxMjA3fDB8MHxzZWFyY2h8MTd8fG5hdHVyZXxlbnwwfHwwfHx8MA%3D%3D
38,url,https://images.unsplash.com/profile-fb-1515003070-191da6a69ab7.jpg?fm=jpg&q=60&w=3000&ixlib=rb-4.0.3&crop=faces&fit=crop&h=32
39,url,https://images.unsplash.com/photo-1515096788709-a3cf4ce0a4a6?fm=jpg&q=60&w=3000&ixlib=rb-4.0.3&ixid=M3wxMjA3fDB8MHxzZWFyY2h8MTh8fG5hdHVyZXxlbnwwfHwwfHx8MA%3D%3D
40,url,https://images.unsplash.com/profile-1730842991369-020ff4281970image?fm=jpg&q=60&w=3000&ixlib=rb-4.0.3&crop=faces&fit=crop&h=32
41,url,https://images.unsplash.com/photo-1530908295418-a12e326966ba?fm=jpg&q=60&w=3000&ixlib=rb-4.0.3&ixid=M3wxMjA3fDB8MHxzZWFyY2h8MTl8fG5hdHVyZXxlbnwwfHwwfHx8MA%3D%3D
42,url,https://images.unsplash.com/profile-1501249071791-3b7c254ea8a0?fm=jpg&q=60&w=3000&ixlib=rb-4.0.3&crop=faces&fit=crop&h=32
43,url,https://images.unsplash.com/photo-1499980762202-04245017d5bf?fm=jpg&q=60&w=3000&ixlib=rb-4.0.3&ixid=M3wxMjA3fDB8MHxzZWFyY2h8MjB8fG5hdHVyZXxlbnwwfHwwfHx8MA%3D%3D
44,url,https://plus.unsplash.com/premium_photo-1673292293042-cafd9c8a3ab3?fm=jpg&q=60&w=3000&ixlib=rb-4.0.3&ixid=M3wxMjA3fDB8MHxzZWFyY2h8MXx8bmF0dXJlfGVufDB8fDB8fHww
45,url,https://images.unsplash.com/photo-1518495973542-4542c06a5843?fm=jpg&q=60&w=3000&ixlib=rb-4.0.3&ixid=M3wxMjA3fDB8MHxzZWFyY2h8NHx8bmF0dXJlfGVufDB8fDB8fHww
46,url,https://images.unsplash.com/photo-1428908728789-d2de25dbd4e2?fm=jpg&q=60&w=3000&ixlib=rb-4.0.3&ixid=M3wxMjA3fDB8MHxzZWFyY2h8Nnx8bmF0dXJlfGVufDB8fDB8fHww
47,url,https://images.unsplash.com/photo-1504608524841-42fe6f032b4b?fm=jpg&q=60&w=3000&ixlib=rb-4.0.3&ixid=M3wxMjA3fDB8MHxzZWFyY2h8OHx8bmF0dXJlfGVufDB8fDB8fHww
48,url,https://plus.unsplash.com/premium_photo-1673697239981-389164b7b87f?fm=jpg&q=60&w=3000&ixlib=rb-4.0.3&ixid=M3wxMjA3fDB8MHxzZWFyY2h8OXx8bmF0dXJlfGVufDB8fDB8fHww
49,url,https://images.unsplash.com/photo-1495584816685-4bdbf1b5057e?fm=jpg&q=60&w=3000&ixlib=rb-4.0.3&ixid=M3wxMjA3fDB8MHxzZWFyY2h8MTF8fG5hdHVyZXxlbnwwfHwwfHx8MA%3D%3D
50,url,https://images.unsplash.com/photo-1508349937151-22b68b72d5b1?fm=jpg&q=60&w=3000&ixlib=rb-4.0.3&ixid=M3wxMjA3fDB8MHxzZWFyY2h8MTJ8fG5hdHVyZXxlbnwwfHwwfHx8MA%3D%3D
51,url,https://images.unsplash.com/photo-1471879832106-c7ab9e0cee23?fm=jpg&q=60&w=3000&ixlib=rb-4.0.3&ixid=M3wxMjA3fDB8MHxzZWFyY2h8MTV8fG5hdHVyZXxlbnwwfHwwfHx8MA%3D%3D
52,url,https://plus.unsplash.com/premium_photo-1675827055694-010aef2cf08f?fm=jpg&q=60&w=3000&ixlib=rb-4.0.3&ixid=M3wxMjA3fDB8MHxzZWFyY2h8MTd8fG5hdHVyZXxlbnwwfHwwfHx8MA%3D%3D
53,url,https://images.unsplash.com/photo-1499980762202-04245017d5bf?fm=jpg&q=60&w=3000&ixlib=rb-4.0.3&ixid=M3wxMjA3fDB8MHxzZWFyY2h8MjB8fG5hdHVyZXxlbnwwfHwwfHx8MA%3D%3D
54,url,https://plus.unsplash.com/premium_vector-1697729804286-7dd6c1a04597?fm=jpg&q=60&w=3000&ixlib=rb-4.0.3
55,url,https://plus.unsplash.com/premium_vector-1716874671235-95932d850cce?fm=jpg&q=60&w=3000&ixlib=rb-4.0.3
56,url,https://plus.unsplash.com/premium_vector-1710277845086-36f1c4c2ccd2?fm=jpg&q=60&w=3000&ixlib=rb-4.0.3
57,url,https://plus.unsplash.com/premium_vector-1697729782149-e53d522cb596?fm=jpg&q=60&w=3000&ixlib=rb-4.0.3
58,url,https://images.unsplash.com/photo-1465146344425-f00d5f5c8f07?fm=jpg&q=60&w=3000&ixlib=rb-4.0.3&ixid=M3wxMjA3fDB8MHxzZWFyY2h8Mnx8bmF0dXJlfGVufDB8fDB8fHww
59,url,https://images.unsplash.com/photo-1509316975850-ff9c5deb0cd9?fm=jpg&q=60&w=3000&ixlib=rb-4.0.3&ixid=M3wxMjA3fDB8MHxzZWFyY2h8M3x8bmF0dXJlfGVufDB8fDB8fHww
60,url,https://plus.unsplash.com/premium_photo-1675433344518-21eb72dfc7a5?fm=jpg&q=60&w=3000&ixlib=rb-4.0.3&ixid=M3wxMjA3fDB8MHxzZWFyY2h8NXx8bmF0dXJlfGVufDB8fDB8fHww
61,url,https://images.unsplash.com/photo-1505142468610-359e7d316be0?fm=jpg&q=60&w=3000&ixlib=rb-4.0.3&ixid=M3wxMjA3fDB8MHxzZWFyY2h8N3x8bmF0dXJlfGVufDB8fDB8fHww
62,url,https://images.unsplash.com/photo-1529419412599-7bb870e11810?fm=jpg&q=60&w=3000&ixlib=rb-4.0.3&ixid=M3wxMjA3fDB8MHxzZWFyY2h8MTB8fG5hdHVyZXxlbnwwfHwwfHx8MA%3D%3D
63,url,https://plus.unsplash.com/premium_photo-1719943510748-4b4354fbcf56?fm=jpg&q=60&w=3000&ixlib=rb-4.0.3&ixid=M3wxMjA3fDB8MHxzZWFyY2h8MTN8fG5hdHVyZXxlbnwwfHwwfHx8MA%3D%3D
64,url,https://images.unsplash.com/photo-1505820013142-f86a3439c5b2?fm=jpg&q=60&w=3000&ixlib=rb-4.0.3&ixid=M3wxMjA3fDB8MHxzZWFyY2h8MTR8fG5hdHVyZXxlbnwwfHwwfHx8MA%3D%3D
65,url,https://images.unsplash.com/photo-1475776408506-9a5371e7a068?fm=jpg&q=60&w=3000&ixlib=rb-4.0.3&ixid=M3wxMjA3fDB8MHxzZWFyY2h8MTZ8fG5hdHVyZXxlbnwwfHwwfHx8MA%3D%3D
66,url,https://images.unsplash.com/photo-1515096788709-a3cf4ce0a4a6?fm=jpg&q=60&w=3000&ixlib=rb-4.0.3&ixid=M3wxMjA3fDB8MHxzZWFyY2h8MTh8fG5hdHVyZXxlbnwwfHwwfHx8MA%3D%3D
67,url,https://images.unsplash.com/photo-1530908295418-a12e326966ba?fm=jpg&q=60&w=3000&ixlib=rb-4.0.3&ixid=M3wxMjA3fDB8MHxzZWFyY2h8MTl8fG5hdHVyZXxlbnwwfHwwfHx8MA%3D%3D
68,url,https://plus.unsplash.com/premium_photo-1673292293042-cafd9c8a3ab3?fm=jpg&q=60&w=3000&ixlib=rb-4.0.3&ixid=M3wxMjA3fDB8MHxzZWFyY2h8MXx8bmF0dXJlfGVufDB8fDB8fHww
69,url,https://plus.unsplash.com/premium_photo-1675433344518-21eb72dfc7a5?fm=jpg&q=60&w=3000&ixlib=rb-4.0.3&ixid=M3wxMjA3fDB8MHxzZWFyY2h8NXx8bmF0dXJlfGVufDB8fDB8fHww
70,url,https://plus.unsplash.com/premium_photo-1673697239981-389164b7b87f?fm=jpg&q=60&w=3000&ixlib=rb-4.0.3&ixid=M3wxMjA3fDB8MHxzZWFyY2h8OXx8bmF0dXJlfGVufDB8fDB8fHww
71,url,https://images.unsplash.com/photo-1495584816685-4bdbf1b5057e?fm=jpg&q=60&w=3000&ixlib=rb-4.0.3&ixid=M3wxMjA3fDB8MHxzZWFyY2h8MTF8fG5hdHVyZXxlbnwwfHwwfHx8MA%3D%3D
72,url,https://plus.unsplash.com/premium_photo-1719943510748-4b4354fbcf56?fm=jpg&q=60&w=3000&ixlib=rb-4.0.3&ixid=M3wxMjA3fDB8MHxzZWFyY2h8MTN8fG5hdHVyZXxlbnwwfHwwfHx8MA%3D%3D
73,url,https://images.unsplash.com/photo-1471879832106-c7ab9e0cee23?fm=jpg&q=60&w=3000&ixlib=rb-4.0.3&ixid=M3wxMjA3fDB8MHxzZWFyY2h8MTV8fG5hdHVyZXxlbnwwfHwwfHx8MA%3D%3D
74,url,https://images.unsplash.com/photo-1515096788709-a3cf4ce0a4a6?fm=jpg&q=60&w=3000&ixlib=rb-4.0.3&ixid=M3wxMjA3fDB8MHxzZWFyY2h8MTh8fG5hdHVyZXxlbnwwfHwwfHx8MA%3D%3D
75,url,https://images.unsplash.com/photo-1499980762202-04245017d5bf?fm=jpg&q=60&w=3000&ixlib=rb-4.0.3&ixid=M3wxMjA3fDB8MHxzZWFyY2h8MjB8fG5hdHVyZXxlbnwwfHwwfHx8MA%3D%3D
76,url,https://images.unsplash.com/photo-1465146344425-f00d5f5c8f07?fm=jpg&q=60&w=3000&ixlib=rb-4.0.3&ixid=M3wxMjA3fDB8MHxzZWFyY2h8Mnx8bmF0dXJlfGVufDB8fDB8fHww
77,url,https://images.unsplash.com/photo-1518495973542-4542c06a5843?fm=jpg&q=60&w=3000&ixlib=rb-4.0.3&ixid=M3wxMjA3fDB8MHxzZWFyY2h8NHx8bmF0dXJlfGVufDB8fDB8fHww
78,url,https://images.unsplash.com/photo-1505142468610-359e7d316be0?fm=jpg&q=60&w=3000&ixlib=rb-4.0.3&ixid=M3wxMjA3fDB8MHxzZWFyY2h8N3x8bmF0dXJlfGVufDB8fDB8fHww
79,url,https://images.unsplash.com/photo-1508349937151-22b68b72d5b1?fm=jpg&q=60&w=3000&ixlib=rb-4.0.3&ixid=M3wxMjA3fDB8MHxzZWFyY2h8MTJ8fG5hdHVyZXxlbnwwfHwwfHx8MA%3D%3D
80,url,https://images.unsplash.com/photo-1475776408506-9a5371e7a068?fm=jpg&q=60&w=3000&ixlib=rb-4.0.3&ixid=M3wxMjA3fDB8MHxzZWFyY2h8MTZ8fG5hdHVyZXxlbnwwfHwwfHx8MA%3D%3D
81,url,https://images.unsplash.com/photo-1530908295418-a12e326966ba?fm=jpg&q=60&w=3000&ixlib=rb-4.0.3&ixid=M3wxMjA3fDB8MHxzZWFyY2h8MTl8fG5hdHVyZXxlbnwwfHwwfHx8MA%3D%3D
82,url,https://plus.unsplash.com/premium_vector-1697729804286-7dd6c1a04597?fm=jpg&q=60&w=3000&ixlib=rb-4.0.3
83,url,https://plus.unsplash.com/premium_vector-1716874671235-95932d850cce?fm=jpg&q=60&w=3000&ixlib=rb-4.0.3
84,url,https://plus.unsplash.com/premium_vector-1710277845086-36f1c4c2ccd2?fm=jpg&q=60&w=3000&ixlib=rb-4.0.3
85,url,https://plus.unsplash.com/premium_vector-1697729782149-e53d522cb596?fm=jpg&q=60&w=3000&ixlib=rb-4.0.3
86,url,https://images.unsplash.com/photo-1509316975850-ff9c5deb0cd9?fm=jpg&q=60&w=3000&ixlib=rb-4.0.3&ixid=M3wxMjA3fDB8MHxzZWFyY2h8M3x8bmF0dXJlfGVufDB8fDB8fHww
87,url,https://images.unsplash.com/photo-1428908728789-d2de25dbd4e2?fm=jpg&q=60&w=3000&ixlib=rb-4.0.3&ixid=M3wxMjA3fDB8MHxzZWFyY2h8Nnx8bmF0dXJlfGVufDB8fDB8fHww
88,url,https://images.unsplash.com/photo-1504608524841-42fe6f032b4b?fm=jpg&q=60&w=3000&ixlib=rb-4.0.3&ixid=M3wxMjA3fDB8MHxzZWFyY2h8OHx8bmF0dXJlfGVufDB8fDB8fHww
89,url,https://images.unsplash.com/photo-1529419412599-7bb870e11810?fm=jpg&q=60&w=3000&ixlib=rb-4.0.3&ixid=M3wxMjA3fDB8MHxzZWFyY2h8MTB8fG5hdHVyZXxlbnwwfHwwfHx8MA%3D%3D
90,url,https://images.unsplash.com/photo-1505820013142-f86a3439c5b2?fm=jpg&q=60&w=3000&ixlib=rb-4.0.3&ixid=M3wxMjA3fDB8MHxzZWFyY2h8MTR8fG5hdHVyZXxlbnwwfHwwfHx8MA%3D%3D
91,url,https://plus.unsplash.com/premium_photo-1675827055694-010aef2cf08f?fm=jpg&q=60&w=3000&ixlib=rb-4.0.3&ixid=M3wxMjA3fDB8MHxzZWFyY2h8MTd8fG5hdHVyZXxlbnwwfHwwfHx8MA%3D%3D
